Timestamp,Plastic,Glass
1575718144,3,3
1575748860,1,1
1575779160,2,1
1575780720,4,1
1575781020,1,1
1575781320,4,1
1575781620,1,1
1575784320,1,4
1575784620,1,1
1575792420,3,3
1575835320,1,1
1575853920,2,1
1575855720,1,1
1575878820,3,3
1575921720,1,1
1575932760,1,4
1575933120,1,1
1575965220,3,3
1576007880,1,1
1576008540,1,4
1576008660,1,1
1576046760,2,1
1576047660,1,1
1576047780,2,1
1576049100,1,1
1576051320,3,3
1576094220,1,4
1576094310,1,1
1576101600,4,1
1576101660,1,1
1576137720,3,3
1576180620,1,1
1576200180,4,1
1576200300,1,1
1576224120,3,3
1576267020,1,1
1576268280,1,4
1576268310,1,1
1576310550,3,3
1576353390,1,1
1576361220,2,1
1576362510,1,1
1576362810,4,1
1576363140,1,1
1576364580,1,4
1576364610,1,1
1576366830,4,1
1576367070,1,1
1576367400,4,1
1576367550,1,1
1576389960,4,1
1576390080,1,1
1576396920,3,3
1576439820,1,1
1576452720,1,4
1576453050,1,1
1576472160,2,1
1576472460,1,1
1576472580,2,1
1576473330,1,1
1576474590,2,1
1576474650,4,1
1576476030,1,1
1576483320,3,3
1576526220,1,1
1576528140,4,1
1576528230,1,1
1576569720,3,3
1576612620,1,1
1576619760,1,4
1576620240,1,1
1576656120,3,3
1576699050,1,1
1576704990,2,1
1576705080,1,1
1576742520,3,3
1576785420,1,1
1576802760,4,1
1576802790,1,1
1576818360,2,1
1576819530,4,1
1576821300,1,1
1576828890,3,3
1576871820,1,1
1576875150,1,4
1576876020,1,1
1576888020,2,1
1576888590,4,1
1576893450,1,1
1576909860,4,1
1576909980,1,1
1576915320,3,3
1576958190,1,1
1576973400,1,4
1576974330,1,1
1576988850,2,1
1576990200,4,1
1576992090,4,4
1576992360,4,1
1576995840,1,1
1577001720,3,3
1577044620,1,1
1577079570,2,1
1577080740,4,1
1577082690,1,1
1577085540,1,4
1577085660,1,1
1577088120,3,3
1577131050,1,1
1577151150,4,1
1577151180,1,1
1577167020,2,1
1577168220,1,1
1577174370,3,3
1577304060,1,1
1577347320,3,3
1577390460,1,1
1577414880,4,1
1577415150,1,1
1577422470,1,4
1577422530,1,1
1577433690,3,3
1577476590,1,1
1577494830,4,1
1577495130,1,1
1577508300,1,4
1577508540,1,1
1577520120,3,3
1577563020,1,1
1577564790,2,1
1577566230,1,1
1577581260,2,1
1577581350,1,1
1577581650,4,1
1577581680,1,1
1577593710,1,2
1577593800,1,1
1577597850,2,1
1577598660,1,1
1577598780,2,1
1577599590,1,1
1577602590,1,4
1577604210,1,1
1577604720,1,4
1577605020,1,1
1577606520,3,3
1577649420,1,1
1577650110,1,4
1577650200,1,1
1577659140,1,4
1577659200,1,1
1577659680,4,1
1577659770,1,1
1577683530,1,4
1577686650,1,1
1577689680,1,4
1577692590,2,4
1577692950,3,3
1577735850,1,1
1577736330,2,1
1577736420,1,1
1577738340,1,4
1577738370,1,1
1577752470,2,1
1577754090,1,1
1577755950,2,1
1577756940,4,1
1577759520,1,1
1577779320,3,3
1577822220,1,1
1577846520,1,4
1577846670,1,1
1577865690,3,3
1577908620,1,1
1577910480,4,1
1577911530,1,1
1577912550,4,1
1577912700,1,1
1577931420,1,2
1577931540,1,1
1577931840,1,4
1577933310,1,1
1577933640,1,4
1577933700,4,4
1577933820,4,1
1577934180,1,1
1577937390,2,1
1577937510,4,1
1577941890,1,1
1577942190,4,1
1577942550,1,1
1577945220,1,4
1577945400,1,1
1577952120,3,3
1577995020,1,1
1577996280,2,1
1577996580,1,1
1578012720,4,1
1578012870,1,1
1578024630,2,1
1578025560,1,1
1578025590,2,1
1578025650,1,1
1578025710,2,1
1578025740,1,1
1578025770,2,1
1578025800,1,1
1578025950,2,1
1578026250,1,1
1578026640,2,1
1578027180,4,1
1578031560,1,1
1578033150,1,2
1578033270,1,1
1578033570,1,4
1578035640,1,1
1578038520,3,3
1578045510,4,4
1578045690,3,3
1578081450,4,1
1578081720,1,1
1578093390,2,1
1578094410,1,1
1578116790,2,1
1578119250,1,1
1578124680,1,4
1578124860,1,1
1578124890,3,3
1578167820,1,1
1578183750,2,1
1578183870,1,1
1578183990,2,1
1578185160,1,1
1578185280,2,1
1578185670,1,1
1578185970,4,1
1578186120,1,1
1578193230,1,2
1578193410,1,1
1578193980,1,4
1578194280,1,1
1578197730,2,1
1578197910,1,1
1578198210,4,1
1578203040,4,4
1578205050,4,1
1578205320,1,1
1578207030,1,4
1578207690,1,1
1578211320,3,3
1578254220,1,1
1578259770,4,1
1578260250,1,1
1578273180,3,3
1578273270,1,1
1578289170,2,1
1578289200,1,1
1578290070,2,1
1578290340,4,1
1578292200,1,1
1578297720,3,3
1578340620,1,1
1578355950,1,2
1578356940,1,1
1578357240,1,4
1578357660,1,1
1578360510,1,4
1578362190,1,1
1578369720,1,4
1578373290,1,1
1578374970,1,4
1578375090,1,1
1578384120,3,3
1578400620,0:undefined,0:undefined
1578400650,3,3
1578426990,1,1
1578443190,2,1
1578444180,4,1
1578444570,1,1
1578445380,4,1
1578445890,1,1
1578467640,2,1
1578469260,4,1
1578470520,3,3
1578513450,1,1
1578546420,4,1
1578546600,1,1
1578556890,3,3
1578599850,1,1
1578636480,4,1
1578637440,1,1
1578642780,3,3
1578642840,1,1
1578643320,3,3
1578686220,1,1
1578688740,1,4
1578688950,1,1
1578716490,4,1
1578716670,1,1
1578729690,3,3
1578772620,1,1
1578784350,2,1
1578784470,1,1
1578785610,2,1
1578786330,1,1
1578786390,2,1
1578787290,1,1
1578798000,2,1
1578799020,1,1
1578799350,4,1
1578799380,1,1
1578799710,4,1
1578800100,1,1
1578809970,1,2
1578811260,1,1
1578811560,1,4
1578813360,1,1
1578816090,3,3
1578859020,1,1
1578864180,4,1
1578864270,1,1
1578899130,2,1
1578899670,1,1
1578902190,1,2
1578902430,1,1
1578902490,3,3
1578945420,1,1
1578949770,1,4
1578950250,1,1
1578950760,4,1
1578951510,1,1
1578964920,3,3
1578964950,1,1
1578978780,2,1
1578979260,1,1
1578979380,2,1
1578980160,1,1
1578980310,2,1
1578980520,4,1
1578988950,3,3
1579031790,4,1
1579032120,1,1
1579037730,1,4
1579037760,1,1
1579075320,3,3
1579118220,1,1
1579125030,4,1
1579125090,1,1
1579161720,3,3
1579204680,1,1
1579215180,1,4
1579215300,1,1
1579240170,4,1
1579240260,1,1
1579248090,3,3
1579257570,4,4
1579257690,3,3
1579291020,1,1
1579294230,1,4
1579294680,1,1
1579307070,3,3
1579307100,1,1
1579307250,3,3
1579307400,1,1
1579334520,3,3
1579377420,1,1
1579420920,3,3
1579463820,1,1
1579469700,1,4
1579469850,1,1
1579506420,2,1
1579507350,3,3
1579550250,1,1
1579570530,4,1
1579570560,1,1
1579593720,3,3
1579636590,1,1
1579636620,3,3
1579636650,1,1
1579650480,2,1
1579652070,1,1
1579652190,2,1
1579652310,1,1
1579652610,4,1
1579652850,1,1
1579680090,3,3
1579723020,1,1
1579743030,4,1
1579743210,1,1
1579760250,4,1
1579760700,1,1
1579766520,3,3
1579809420,1,1
1579847520,2,1
1579849140,4,1
1579850550,1,1
1579852920,3,3
1579863360,4,4
1579863540,3,3
1579895850,1,1
1579896570,2,1
1579896780,1,1
1579896870,2,1
1579896990,4,1
1579897920,1,1
1579898220,4,1
1579898400,1,1
1579934670,2,1
1579935060,1,1
1579939320,3,3
1579982220,1,1
1579999020,1,4
1579999380,1,1
1580025720,3,3
1580068620,1,1
1580079090,3,3
1580079210,1,1
1580082930,2,1
1580083050,1,1
1580083170,2,1
1580083920,4,1
1580085120,1,1
1580095260,2,1
1580096400,1,1
1580107170,2,1
1580107230,1,1
1580107350,2,1
1580108340,1,1
1580112090,3,3
1580155020,1,1
1580166510,3,3
1580166630,1,1
1580166780,3,3
1580166810,1,1
1580168880,3,3
1580169120,1,1
1580171160,2,1
1580171700,3,3
1580171730,2,1
1580173350,1,1
1580173650,4,1
1580175150,3,3
1580175210,4,1
1580176140,1,1
1580184840,2,1
1580184930,4,1
1580187720,1,1
1580198520,3,3
1580241420,1,1
1580268420,3,3
1580268480,1,1
1580284920,3,3
1580327820,1,1
1580349780,2,1
1580351550,4,1
1580352390,1,1
1580367990,4,1
1580368080,4,4
1580368140,1,4
1580368260,1,1
1580371320,3,3
1580414370,1,1
1580449260,4,1
1580449320,1,1
1580453160,4,1
1580453250,4,4
1580453340,1,1
1580457690,3,3
1580500620,1,1
1580518470,1,4
1580518590,1,1
1580531130,4,1
1580531190,1,1
1580544090,3,3
1580587020,1,1
1580620260,1,4
1580620290,1,1
1580625210,2,1
1580625810,4,1
1580630100,1,1
1580630520,3,3
1580673420,1,1
1580691450,4,1
1580691660,1,1
1580691690,4,1
1580693550,1,1
1580711400,2,1
1580712630,1,1
1580712930,4,1
1580712960,1,1
1580716920,3,3
1580759820,1,1
1580797200,2,1
1580799270,1,1
1580799570,4,1
1580800110,1,1
1580803320,3,3
1580846220,1,1
1580861280,1,4
1580861370,1,1
1580879640,4,1
1580879730,1,1
1580882190,2,1
1580883690,1,1
1580883810,2,1
1580884200,1,1
1580889750,3,3
1580932620,1,1
1580933040,3,3
1580933130,1,1
1580935350,3,3
1580935380,1,1
1580976120,3,3
1580990040,4,4
1580990220,3,3
1581019050,1,1
1581058110,4,1
1581058470,1,1
1581062490,3,3
1581105420,1,1
1581137160,2,1
1581138270,1,1
1581148920,3,3
1581150330,4,4
1581151740,3,3
1581204900,1,1
1581204930,3,3
1581204990,1,1
1581207570,1,4
1581230850,1,1
1581231510,3,3
1581282720,1,4
1581282840,1,1
1581288420,4,1
1581288510,1,1
1581288810,4,1
1581289140,3,3
1581289290,4,1
1581290580,1,1
1581298530,4,1
1581299100,1,1
1581300060,4,1
1581300810,1,1
1581304980,4,1
1581305550,1,1
1581311340,4,1
1581316200,1,1
1581319110,1,4
1581319530,1,1
1581321720,3,3
1581364650,1,1
1581368880,1,4
1581369210,1,1
1581390630,2,1
1581391920,4,1
1581397080,1,1
1581400230,2,1
1581401730,4,1
1581403530,1,1
1581408090,3,3
1581451050,1,1
1581462930,1,4
1581465090,4,4
1581465180,1,4
1581465300,1,1
1581465780,4,1
1581465840,1,1
1581466320,4,1
1581466380,1,1
1581466830,4,1
1581471840,1,1
1581472140,4,1
1581472230,1,1
1581472920,4,1
1581473010,1,1
1581473460,4,1
1581473640,1,1
1581486330,2,1
1581487500,4,1
1581490920,1,1
1581494520,3,3
1581537600,1,1
1581549420,3,3
1581549660,1,1
1581570690,2,1
1581572400,4,1
1581574380,1,1
1581574830,4,1
1581574980,1,1
1581580890,3,3
1581623820,1,1
1581654390,2,1
1581655020,1,1
1581655050,2,1
1581656370,1,1
1581656700,4,1
1581656760,1,1
1581667290,3,3
1581710220,1,1
1581715770,2,1
1581716160,1,1
1581716400,2,1
1581716760,4,1
1581717870,1,1
1581732630,2,1
1581732780,1,1
1581753720,3,3
1581796620,1,1
1581815250,4,1
1581816030,1,1
1581830910,1,2
1581832020,1,4
1581835140,1,1
1581840120,3,3
1581883050,1,1
1581912390,2,1
1581912420,1,1
1581926520,3,3
1581969390,1,1
1582006230,4,1
1582008150,1,1
1582012920,3,3
1582055820,1,1
1582065240,3,3
1582065840,1,1
1582091760,1,4
1582092240,1,1
1582099320,3,3
1582142220,1,1
1582153590,1,4
1582153620,1,1
1582156080,1,4
1582157070,1,1
1582179750,4,1
1582179990,1,1
1582185720,3,3
1582228620,1,1
1582272120,3,3
1582315050,1,1
1582330140,2,1
1582330170,1,1
1582343670,2,1
1582343760,1,1
1582358490,3,3
1582401420,1,1
1582406580,1,4
1582406970,1,1
1582407270,4,1
1582407630,1,1
1582418370,2,1
1582418700,1,1
1582432290,4,1
1582432740,1,1
1582444920,3,3
1582456302,3,3
1582487820,1,1
1582489020,2,1
1582490190,1,1
1582490310,2,1
1582491810,1,1
1582492110,4,1
1582492230,3,3
1582492320,1,1
1582492620,4,1
1582492680,1,1
1582493370,4,1
1582493760,1,1
1582509270,1,4
1582509360,4,4
1582510020,1,4
1582510320,1,1
1582517940,2,1
1582518090,1,1
1582524600,4,1
1582524630,1,1
1582531290,3,3
1582574250,1,1
1582575360,3,3
1582575540,1,1
1582575570,3,3
1582575630,1,1
1582590540,2,1
1582592850,4,1
1582595430,1,1
1582617720,3,3
1582660620,1,1
1582704090,3,3
1582747020,1,1
1582790520,3,3
1582833390,1,1
1582859490,2,1
1582860090,1,1
1582860390,4,1
1582860750,1,1
1582876890,3,3
1582927080,1,4
1582927260,1,1
1582944090,2,1
1582944690,1,1
1582963320,3,3
1583006220,1,1
1583008770,2,1
1583008980,1,1
1583014350,1,4
1583016030,1,1
1583024010,2,1
1583025420,4,1
1583027190,1,1
1583027280,4,1
1583028180,1,1
1583029140,1,4
1583029230,1,1
1583038290,2,1
1583039730,4,1
1583041290,1,1
1583049750,3,3
1583092590,1,1
1583130480,4,1
1583130930,1,1
1583136090,3,3
1583179020,1,1
1583196120,2,1
1583196660,1,1
1583196690,2,1
1583196930,1,1
1583197050,2,1
1583197830,4,1
1583197950,1,1
1583198130,4,1
1583198220,1,1
1583214510,4,1
1583214630,1,1
1583222280,1,4
1583222400,1,1
1583222520,3,3
1583265420,1,1
1583267520,4,1
1583267580,1,1
1583267910,3,3
1583268240,1,1
1583274270,3,3
1583274330,1,1
1583286840,1,4
1583287170,1,1
1583300130,1,4
1583300310,1,1
1583308950,3,3
1583351790,1,1
1583395320,3,3
1583440320,4,4
1583441130,1,4
1583441190,1,1
1583441670,4,1
1583441820,3,3
1583443860,1,1
1583444340,1,4
1583444910,1,1
1583477520,4,1
1583477820,1,1
1583481720,3,3
1583504520,0:undefined,0:undefined
1583504550,3,3
1583524620,1,1
1583568090,3,3
1583611020,1,1
1583613390,1,4
1583613450,1,1
1583645880,3,3
1583646420,1,1
1583654550,3,3
1583697420,1,1
1583722170,2,1
1583722680,1,1
1583740890,3,3
1583783820,1,1
1583819370,4,1
1583819550,1,1
1583827290,3,3
1583870220,1,1
1583894520,4,1
1583894640,1,1
1583913720,3,3
1583956620,1,1
1583960070,2,1
1583960340,1,1
1583975490,4,1
1583975580,1,1
1583991420,2,1
1583991690,1,1
1583991990,4,1
1583992590,1,1
1584000120,3,3
1584043020,1,1
1584062340,2,1
1584062460,1,1
1584086520,3,3
1584129450,1,1
1584172920,3,3
1584215820,1,1
1584234180,2,1
1584236250,1,1
1584236550,4,1
1584236940,1,1
1584248160,2,1
1584248190,1,1
1584249360,2,1
1584249390,1,1
1584249600,2,1
1584249990,1,1
1584250290,4,1
1584250950,1,1
1584251490,2,1
1584252000,1,1
1584252300,4,1
1584252390,2,1
1584252630,1,1
1584252690,2,1
1584254130,1,1
1584254250,2,1
1584254400,4,1
1584254670,1,1
1584254700,4,1
1584255690,1,1
1584259320,3,3
1584302220,1,1
1584328440,4,1
1584328620,1,1
1584345690,3,3
1584393270,1,1
1584403890,1,4
1584403980,1,1
1584432120,3,3
1584475020,1,1
1584495330,2,1
1584496260,1,1
1584501720,1,4
1584501750,1,1
1584518520,3,3
1584561450,1,1
1584601830,2,1
1584601950,1,1
1584604920,3,3
1584647820,1,1
1584656700,3,3
1584656760,1,1
1584666420,4,1
1584666540,1,1
1584691320,3,3
1584734220,1,1
1584773670,1,4
1584773850,1,1
1584777720,3,3
1584820590,1,1
1584864090,3,3
1584906990,1,1
1584926460,3,3
1584926850,1,1
1584938760,4,1
1584938790,1,1
1584947850,4,1
1584948120,1,1
1584950520,3,3
1584993420,1,1
1585036920,3,3
1585079790,1,1
1585123320,3,3
1585166220,1,1
1585187640,3,3
1585187700,1,1
1585192200,3,3
1585192410,1,1
1585199700,1,4
1585199910,1,1
1585209690,3,3
1585252680,1,1
1585288170,4,1
1585288590,1,4
1585288710,1,1
1585296120,3,3
1585339020,1,1
1585378740,4,1
1585378770,4,4
1585378800,1,4
1585378920,1,1
1585382520,3,3
1585425450,1,1
1585429800,3,3
1585444470,1,1
1585449960,4,1
1585450050,1,1
1585468950,3,3
1585511790,1,1
1585525050,1,4
1585525290,1,1
1585543290,1,4
1585543410,1,1
1585555290,3,3
1585598220,1,1
1585602930,4,1
1585603080,1,1
1585606230,1,4
1585606260,1,1
1585606770,4,1
1585607010,1,1
1585641690,3,3
1585643640,4,4
1585643820,3,3
1585684620,1,1
1585696800,4,1
1585696830,1,1
1585705650,4,1
1585705680,1,1
1585718280,4,1
1585718400,1,1
1585718730,3,3
1585718760,1,1
1585725600,3,3
1585725720,1,1
1585728120,3,3
1585771020,1,1
1585778610,1,4
1585778730,1,1
1585786650,4,1
1585786770,1,1
1585793910,3,3
1585794420,1,1
1585806270,3,3
1585807560,1,1
1585814490,3,3
1585857420,1,1
1585870470,3,3
1585870710,1,1
1585870770,3,3
1585870800,1,1
1585874370,3,3
1585874400,1,1
1585891680,3,3
1585891920,1,1
1585892520,3,3
1585892550,1,1
1585900920,3,3
1585947390,1,1
1585956840,1,2
1585956870,1,1
1585957170,1,4
1585961280,3,3
1585961490,1,1
1585980330,3,3
1585980420,1,1
1585987320,3,3
1586033850,1,1
1586038830,3,3
1586038950,1,1
1586042760,1,2
1586042790,3,3
1586052360,1,1
1586070660,4,1
1586070900,1,1
1586071020,2,1
1586073330,1,1
1586077290,3,3
1586121510,1,1
1586153460,2,1
1586153490,1,1
1586154510,4,1
1586154690,1,1
1586163720,3,3
1586168730,0:undefined,0:undefined
1586168760,3,3
1586210340,1,1
1586225910,4,1
1586225940,1,1
1586250150,3,3
1586293050,1,1
1586323350,2,1
1586325270,4,1
1586329410,1,1
1586329710,4,1
1586329740,1,1
1586336490,3,3
1586379420,1,1
1586386500,3,3
1586386770,1,1
1586391900,4,1
1586391930,1,1
1586395920,2,1
1586397060,4,1
1586398560,1,1
1586415270,1,2
1586415840,1,4
1586422650,3,3
1586552430,1,4
1586554470,1,1
1586571570,1,2
1586571690,1,4
1586571720,1,1
1586572740,3,3
1586573100,1,1
1586577930,2,1
1586578530,1,1
1586578830,4,1
1586578950,1,1
1586588790,1,2
1586588880,1,4
1586591970,1,1
1586595690,3,3
1586638620,1,1
1586650200,1,3
1586650620,1,1
1586651790,1,3
1586652090,1,1
1586656110,1,3
1586656140,1,1
1586657610,1,3
1586658000,1,1
1586658030,1,3
1586658090,1,1
1586659170,1,3
1586659380,1,1
1586662950,1,3
1586663040,1,1
1586663370,1,3
1586664060,4,3
1586664090,1,3
1586666670,1,1
1586677680,1,3
1586678010,1,1
1586682120,3,3
1586725200,3,1
1586727840,1,1
1586728110,1,3
1586728320,1,1
1586737710,1,3
1586738040,1,1
1586746020,1,3
1586746170,1,1
1586759910,1,2
1586760030,1,3
1586768400,3,3
1586811600,1,3
1586813190,1,1
1586830140,1,2
1586830410,1,4
1586831190,1,1
1586837670,2,1
1586837790,1,1
1586840250,2,1
1586841870,4,1
1586847780,2,1
1586847810,1,1
1586849520,1,4
1586853810,1,1
1586854890,3,3
1586897790,1,1
1586909430,4,1
1586909640,1,1
1586933070,1,4
1586933100,4,4
1586933220,1,4
1586933250,1,1
1586934360,1,4
1586934420,1,1
1586935080,4,1
1586935530,1,1
1586941290,3,3
1586984220,1,1
1586997060,1,4
1586997120,4,4
1586997360,1,1
1587019680,1,4
1587019860,1,1
1587027720,3,3
1587070620,1,1
1587072540,1,4
1587072840,1,1
1587079290,1,3
1587079320,1,1
1587079380,1,3
1587079500,1,1
1587079530,1,3
1587079650,1,1
1587079680,1,3
1587079800,1,1
1587080010,1,3
1587080130,1,1
1587080220,1,3
1587080310,1,1
1587080340,1,3
1587080460,1,1
1587080490,1,3
1587080610,1,1
1587080670,1,3
1587083220,1,4
1587083490,1,3
1587083550,1,1
1587098250,2,1
1587098610,1,1
1587098640,2,1
1587099240,1,1
1587106140,4,1
1587106290,1,1
1587107220,1,4
1587107730,1,1
1587114120,3,3
1587157020,1,1
1587175320,2,1
1587175800,1,1
1587175860,2,1
1587176820,4,1
1587177360,1,1
1587191670,2,1
1587192360,4,1
1587198330,4,4
1587198390,4,1
1587200490,3,3
1587243450,1,1
1587262920,1,2
1587262950,1,4
1587264900,2,4
1587265200,2,1
1587266190,4,1
1587269820,4,4
1587274470,4,1
1587275310,4,4
1587277470,4,1
1587277740,1,1
1587279300,1,4
1587279930,1,1
1587286920,3,3
1587329850,1,1
1587336570,4,1
1587336720,1,1
1587338430,1,4
1587338790,1,1
1587339600,1,4
1587341130,1,1
1587342240,1,4
1587349530,4,4
1587349590,1,4
1587350070,1,1
1587370020,1,2
1587370110,1,4
1587370710,2,4
1587371850,1,4
1587371880,2,4
1587373320,3,3
1587416220,2,4
1587416520,1,4
1587416820,4,4
1587416910,1,4
1587417630,1,1
1587440520,1,4
1587445020,1,1
1587445560,1,4
1587445980,1,1
1587459720,3,3
1587502650,1,1
1587502950,4,1
1587504960,1,1
1587505320,1,4
1587505350,1,1
1587507570,1,2
1587507840,1,4
1587510690,1,1
1587518640,4,1
1587518700,1,1
1587541650,2,1
1587541740,1,1
1587542040,2,1
1587546150,3,3
1587588990,2,1
1587589110,4,1
1587589230,1,1
1587589410,4,1
1587592560,1,1
1587598290,1,2
1587598920,1,4
1587604770,4,4
1587604800,1,4
1587611820,2,4
1587613560,4,4
1587616380,4,1
1587619680,1,1
1587632520,3,3
1587675420,1,1
1587687300,1,2
1587689340,1,4
1587691530,4,4
1587691980,1,4
1587702840,2,4
1587703080,2,1
1587704310,4,1
1587706800,1,1
1587718920,3,3
1587761850,1,1
1587765660,1,4
1587767700,1,1
1587773340,1,4
1587773370,1,1
1587783120,2,1
1587784980,1,1
1587785010,4,1
1587785670,1,1
1587786450,1,2
1587786480,1,1
1587798330,2,1
1587798720,1,1
1587798750,2,1
1587799020,1,1
1587800520,4,1
1587802440,1,1
1587805290,3,3
1587848250,1,2
1587848400,1,1
1587848700,1,4
1587849480,1,1
1587856230,2,1
1587857160,4,1
1587858390,4,4
1587858600,2,1
1587858630,4,1
1587863670,1,1
1587864390,1,2
1587864570,1,1
1587878190,2,1
1587879420,4,1
1587884310,1,1
1587886530,1,2
1587886590,1,1
1587886890,1,4
1587889380,1,1
1587891720,3,3
1587934620,1,1
1587939240,2,1
1587939390,4,1
1587942930,1,1
1587945960,4,1
1587946260,4,4
1587946350,1,1
1587947250,1,4
1587949290,1,1
1587960450,1,2
1587960900,1,1
1587961200,1,4
1587965520,2,4
1587969240,2,1
1587969540,2,4
1587969600,2,1
1587969900,1,1
1587970200,4,1
1587970350,1,1
1587977670,1,4
1587978120,3,3
1588020990,1,1
1588037610,4,1
1588037670,1,1
1588037700,1,4
1588037850,1,1
1588044330,1,2
1588045050,1,1
1588045350,1,4
1588051470,2,4
1588051560,4,4
1588054770,1,4
1588055070,4,4
1588055310,1,4
1588057290,1,1
1588064520,3,3
1588107450,1,1
1588124460,1,4
1588124490,1,1
1588135410,1,4
1588135530,1,1
1588141170,1,4
1588143870,1,1
1588150890,3,3
1588193820,1,1
1588194180,1,3
1588194960,1,1
1588209180,1,4
1588209630,1,1
1588215600,1,4
1588215660,1,1
1588224780,4,1
1588224810,1,1
1588237320,3,3
1588280220,1,1
1588280760,1,3
1588285890,3,3
1588293060,3,1
1588293330,1,1
1588294500,1,4
1588294740,4,4
1588294830,1,4
1588294860,1,1
1588299210,1,2
1588299330,1,4
1588310280,1,1
1588323720,3,3
1588366620,1,1
1588369020,2,1
1588369350,1,1
1588369650,4,1
1588369800,1,1
1588392090,1,2
1588392450,1,4
1588398900,1,1
1588405440,2,1
1588405500,1,1
1588405620,2,1
1588408470,1,1
1588410120,3,3
1588453020,1,1
1588453320,2,1
1588454730,1,1
1588455030,4,1
1588455330,1,1
1588461630,1,2
1588461720,1,4
1588466370,1,1
1588474560,2,1
1588475760,4,1
1588480980,4,2
1588481070,4,4
1588488570,1,4
1588488660,1,1
1588496490,3,3
1588539420,1,1
1588569540,2,1
1588570950,1,1
1588571070,2,1
1588571400,4,1
1588574760,4,4
1588575780,4,1
1588576530,1,1
1588582890,3,3
1588625820,1,1
1588629420,1,4
1588629570,1,1
1588654350,1,2
1588656630,1,4
1588657290,2,4
1588659030,1,4
1588665300,1,1
1588665600,1,4
1588665660,1,1
1588669320,3,3
1588712250,1,1
1588719180,1,4
1588720770,1,1
1588734960,1,2
1588735020,1,4
1588748940,4,4
1588749180,1,4
1588752990,1,1
1588754700,1,4
1588755690,3,3
1588798590,1,1
1588815240,1,4
1588815300,1,1
1588824090,1,2
1588824240,1,4
1588830360,1,1
1588830510,2,1
1588830540,4,1
1588830720,4,4
1588831020,4,1
1588835880,1,1
1588842120,3,3
1588885020,1,1
1588886730,4,1
1588886880,1,1
1588903620,1,2
1588904010,1,4
1588916400,1,1
1588916700,1,4
1588916820,1,1
1588928490,3,3
1588971420,1,1
1588978980,4,1
1588981650,1,1
1588981920,2,1
1588982190,4,1
1588982820,4,2
1588982880,4,4
1588985430,4,1
1588985580,4,4
1588985850,4,1
1588990830,1,1
1589003970,2,1
1589004930,1,1
1589004960,2,1
1589005170,4,1
1589007090,4,2
1589007150,4,4
1589009610,4,1
1589011230,1,1
1589014920,3,3
1589057820,1,1
1589071890,1,4
1589072010,1,1
1589091390,1,2
1589091480,1,4
1589091540,1,1
1589091660,1,4
1589096610,1,1
1589101320,3,3
1589144250,1,1
1589169390,1,2
1589170410,1,1
1589171730,2,1
1589173170,4,1
1589179380,1,1
1589187690,3,3
1589230590,1,1
1589236830,1,4
1589236980,1,1
1589248290,4,1
1589248410,1,1
1589249850,1,4
1589249880,1,1
1589273850,1,4
1589273880,1,1
1589273940,2,1
1589274090,3,3
1589317020,2,1
1589318640,2,4
1589318670,2,1
1589319780,4,1
1589324310,1,1
1589324610,4,1
1589324880,1,1
1589335860,1,4
1589335890,1,1
1589339250,1,2
1589339310,1,4
1589345640,2,4
1589346570,4,4
1589347650,4,1
1589347950,4,4
1589348040,4,1
1589355030,4,4
1589357640,4,1
1589358300,4,4
1589360520,3,3
1589403420,4,1
1589406420,1,1
1589419110,1,2
1589419200,1,4
1589424300,2,4
1589425380,4,4
1589432730,4,1
1589438370,1,1
1589444850,4,1
1589445210,1,1
1589446920,3,3
1589489850,1,1
1589505540,4,1
1589505690,1,1
1589515140,2,1
1589515320,1,1
1589517120,4,1
1589522700,4,2
1589522760,4,4
1589528910,4,1
1589530230,1,1
1589533290,3,3
1589576220,1,1
1589591130,1,4
1589591700,1,1
1589592990,1,2
1589593230,1,4
1589599290,1,1
1589600040,2,1
1589601600,4,1
1589603640,2,1
1589604030,1,1
1589615700,1,4
1589615730,1,1
1589619690,3,3
1589662650,1,1
1589673000,1,4
1589674680,1,1
1589677500,1,2
1589677560,1,1
1589677620,4,1
1589677770,1,1
1589677860,1,4
1589678790,1,1
1589687100,2,1
1589688870,1,1
1589696730,1,2
1589697270,1,4
1589698440,1,1
1589702550,2,1
1589702610,4,1
1589703810,4,4
1589706120,3,3
1589748990,1,1
1589753190,1,4
1589756430,1,1
1589760000,1,4
1589760150,1,1
1589762460,1,4
1589763540,1,1
1589777640,2,1
1589778870,4,1
1589782560,1,1
1589782860,4,1
1589783280,1,1
1589789490,1,2
1589789790,1,4
1589792490,3,3
1589798760,4,4
1589800500,3,3
1589835420,1,1
1589848740,4,1
1589848830,1,1
1589862450,1,2
1589864640,1,4
1589866080,1,1
1589878920,3,3
1589921820,1,1
1589929590,2,1
1589929620,1,1
1589936580,2,1
1589937090,1,1
1589937180,2,1
1589937360,1,1
1589937420,2,1
1589937990,4,1
1589949120,1,1
1589965350,3,3
1590008190,1,1
1590010590,4,1
1590010680,1,1
1590016170,1,4
1590018360,1,1
1590019800,1,4
1590019830,1,1
1590038430,1,2
1590038550,1,4
1590039630,1,1
1590039930,1,4
1590040080,4,4
1590040260,1,4
1590040320,1,1
1590051720,3,3
1590094650,1,1
1590109110,4,1
1590110070,4,4
1590110400,1,4
1590110460,1,1
1590125130,4,1
1590125190,1,1
1590138150,3,3
1590180990,1,1
1590188310,4,1
1590188370,1,1
1590215040,2,1
1590215130,1,1
1590224520,3,3
1590267420,1,1
1590270210,1,4
1590270240,1,1
1590291360,2,1
1590291390,1,1
1590293850,2,1
1590293880,4,1
1590295680,4,2
1590295830,4,4
1590299340,4,1
1590300390,1,1
1590310920,3,3
1590353850,1,1
1590365040,2,1
1590367560,4,1
1590369450,4,4
1590370080,1,4
1590370350,1,1
1590371130,1,4
1590371700,1,1
1590374280,1,4
1590375030,1,1
1590375600,1,2
1590375660,1,4
1590383340,1,1
1590383640,1,4
1590383760,1,1
1590397290,3,3
1590440220,1,1
1590443250,1,4
1590448590,1,1
1590450450,1,4
1590452070,1,1
1590454860,1,4
1590455250,2,4
1590457860,1,4
1590458160,4,4
1590458550,4,1
1590458610,1,1
1590458850,1,4
1590458940,4,4
1590459600,4,1
1590459810,1,1
1590459990,1,4
1590460020,1,1
1590463740,4,1
1590465570,1,1
1590470160,1,4
1590475440,1,1
1590483720,3,3
1590526620,1,4
1590529530,1,1
1590541050,1,4
1590543270,1,1
1590544140,1,4
1590544290,1,1
1590546390,4,1
1590546510,1,1
1590553230,1,2
1590553440,1,4
1590559260,3,4
1590559320,3,3
1590559620,1,4
1590570120,3,3
1590613200,3,1
1590621240,4,1
1590621270,1,1
1590625440,3,1
1590625500,1,1
1590625590,4,1
1590625830,1,1
1590628260,1,4
1590628710,1,1
1590642030,2,1
1590642990,4,1
1590643680,1,1
1590656520,3,3
1590699450,1,1
1590702930,4,1
1590703590,1,1
1590714180,1,4
1590714240,4,4
1590714420,1,4
1590714510,1,1
1590729690,1,4
1590729750,1,1
1590742920,3,3
1590785850,1,1
1590786900,2,1
1590786930,1,1
1590788340,1,4
1590788400,1,1
1590790920,1,4
1590791250,1,1
1590805080,1,2
1590805230,1,4
1590810540,1,1
1590819030,2,1
1590819330,1,1
1590829020,1,3
1590829200,3,3
1590872250,1,1
1590893190,2,1
1590893490,1,1
1590904380,3,1
1590904800,3,2
1590905160,1,2
1590906030,1,4
1590906840,1,1
1590915690,3,3
1590958620,1,1
1590978690,4,1
1590978840,1,1
1590995730,4,1
1590995970,1,1
1591002090,3,3
1591045050,1,1
1591073400,2,1
1591073550,4,1
1591077060,1,1
1591088520,3,3
1591131420,1,1
1591151070,2,1
1591152660,1,1
1591166880,4,1
1591166910,1,1
1591174890,3,3
1591217790,1,1
1591228530,2,1
1591228830,4,1
1591230840,1,1
1591234140,1,4
1591234170,4,4
1591234800,1,4
1591234830,1,1
1591261290,2,1
1591261350,3,3
1591304220,1,1
1591320090,1,4
1591320390,4,4
1591320540,1,1
1591334760,2,1
1591334820,1,1
1591334940,2,1
1591336080,1,1
1591336380,4,1
1591336440,1,1
1591347720,3,3
1591390620,1,1
1591405380,4,1
1591405560,1,1
1591434120,3,3
1591477020,1,1
1591490310,2,1
1591491780,4,1
1591492230,4,4
1591492500,4,1
1591494360,1,1
1591520520,3,3
1591563420,1,1
1591591140,4,1
1591591410,1,1
1591601100,1,4
1591601910,1,1
1591606950,3,3
1591649790,1,1
1591654470,2,1
1591654590,4,1
1591657140,4,4
1591657800,1,4
1591657860,1,1
1591659390,1,4
1591660080,1,1
1591667460,4,1
1591667910,1,1
1591679760,2,1
1591680390,4,1
1591688160,1,1
1591688460,4,1
1591688610,1,1
1591689480,1,3
1591689510,1,1
1591693290,1,2
1591693320,3,3
1591736220,1,1
1591752480,4,1
1591752540,1,1
1591775160,1,3
1591775280,3,3
1591787550,1,1
1591787610,3,3
1591822590,1,1
1591824150,4,1
1591825560,1,1
1591825890,1,4
1591825980,1,1
1591838340,1,4
1591838370,4,4
1591838700,1,1
1591842480,4,1
1591842810,1,1
1591849950,2,1
1591853700,4,1
1591860960,1,1
1591866090,3,3
1591909020,1,1
1591934700,1,4
1591934850,4,4
1591935090,1,4
1591935120,1,1
1591937850,4,1
1591938030,1,1
1591952520,3,3
1591995420,1,1
1592006730,1,4
1592006760,1,1
1592038950,3,3
1592081790,1,1
1592120220,4,1
1592120400,1,1
1592125290,3,3
1592168220,1,1
1592172420,1,4
1592173680,1,1
1592211720,3,3
1592254620,1,1
1592298090,3,3
1592341050,1,1
1592358780,1,4
1592359470,1,1
1592374080,1,4
1592377470,1,1
1592384520,3,3
1592427420,1,1
1592451000,1,4
1592451150,4,4
1592451390,1,1
1592459430,2,1
1592462670,1,1
1592462970,4,1
1592463420,1,1
1592470950,3,3
1592513790,1,1
1592517270,4,1
1592517570,1,1
1592517990,1,4
1592518800,1,1
1592535960,3,1
1592537430,1,1
1592541210,1,4
1592541240,4,4
1592541600,1,4
1592541630,1,1
1592557320,3,3
1592600190,1,1
1592609580,1,4
1592614920,1,1
1592615910,1,4
1592616690,1,1
1592618100,2,1
1592618520,1,1
1592618550,2,1
1592619120,1,1
1592643690,3,3
1592686620,1,1
1592695320,1,4
1592697480,1,1
1592712510,1,4
1592714430,1,1
1592717100,4,1
1592717160,1,1
1592722470,2,1
1592722500,1,1
1592723610,2,1
1592723700,1,1
1592727150,2,1
1592728080,1,1
1592730120,3,3
1592773020,1,1
1592805300,3,1
1592805330,1,1
1592812950,4,1
1592813010,1,1
1592816490,3,3
1592859390,1,1
1592902890,3,3
1592945820,1,1
1592957280,1,4
1592957550,4,4
1592957640,1,1
1592963160,2,1
1592963760,1,1
1592964060,4,1
1592964090,1,1
1592980830,4,1
1592980860,1,1
1592989290,3,3
1593032220,1,1
1593039420,1,4
1593039870,1,1
1593074220,4,1
1593074760,1,1
1593075060,4,1
1593075390,1,1
1593075720,3,3
1593118620,1,1
1593133800,1,4
1593133890,1,1
1593145800,2,1
1593145830,1,1
1593162120,3,3
1593205050,1,1
1593248490,3,3
1593291420,1,1
1593298620,3,1
1593298860,1,1
1593312000,2,1
1593313080,4,1
1593317880,1,1
1593327090,1,2
1593327510,1,1
1593327810,1,4
1593328860,1,1
1593334920,3,3
1593377820,1,1
1593382170,1,2
1593383640,1,1
1593396690,1,4
1593397260,1,1
1593421320,3,3
1593464190,1,1
1593465540,4,1
1593465630,1,1
1593470670,1,4
1593470910,1,1
1593480210,1,4
1593481230,1,1
1593483180,4,1
1593483540,1,1
1593484230,1,4
1593486030,1,1
1593487110,1,4
1593487770,1,1
1593503970,4,1
1593504150,1,1
1593507690,3,3
1593550590,1,1
1593553290,1,4
1593553470,1,1
1593587490,4,1
1593587580,1,1
1593594120,3,3
1593637050,1,1
1593645030,1,4
1593645780,1,1
1593679860,4,1
1593679980,1,1
1593680520,3,3
1593723420,1,1
1593733770,4,1
1593734160,1,1
1593766920,3,3
1593809820,1,1
1593815910,1,4
1593816720,1,1
1593821130,1,4
1593822570,1,1
1593824580,4,1
1593824670,1,1
1593844320,2,1
1593844470,1,1
1593844500,2,1
1593846750,4,1
1593847020,1,1
1593847050,4,1
1593847380,1,1
1593853320,3,3
1593896250,1,1
1593909870,1,4
1593909930,1,1
1593939030,2,1
1593939720,3,3
1593982620,1,1
1593987060,1,4
1593987600,1,1
1593990150,1,4
1593990870,1,1
1594002210,4,1
1594002300,1,1
1594024170,4,1
1594025040,1,1
1594026150,3,3
1594068990,1,1
1594080810,1,4
1594081350,1,1
1594087470,4,1
1594088220,1,1
1594095510,2,1
1594095840,1,1
1594095870,2,1
1594098450,4,1
1594102920,1,1
1594112520,3,3
1594155450,1,1
1594159680,1,2
1594159800,1,1
1594160100,1,4
1594161690,1,1
1594174650,1,4
1594174710,1,1
1594182000,1,4
1594182030,4,4
1594182330,1,4
1594182360,1,1
1594190040,1,4
1594191420,1,1
1594198920,3,3
1594241820,1,1
1594243440,4,1
1594243560,1,1
1594245480,4,1
1594245510,1,1
1594245930,2,1
1594247010,4,1
1594247070,1,1
1594247130,2,1
1594247400,1,1
1594248990,4,1
1594249140,1,1
1594271940,2,1
1594274790,4,1
1594275870,1,1
1594276170,4,1
1594276200,1,1
1594279170,4,1
1594279200,1,1
1594281780,1,4
1594281840,1,1
1594285290,3,3
1594328250,1,1
1594332960,1,4
1594334700,1,1
1594346520,1,4
1594346820,1,1
1594371690,3,3
1594414620,1,1
1594420650,1,4
1594421370,1,1
1594425300,2,1
1594425810,1,1
1594425930,2,1
1594426500,4,1
1594428240,1,1
1594458120,3,3
1594500990,1,1
1594544490,3,3
1594587420,1,1
1594601400,1,4
1594601610,4,4
1594601640,1,1
1594604010,4,1
1594604040,1,1
1594606140,1,4
1594606260,1,1
1594630890,3,3
1594673820,1,1
1594692300,4,1
1594692450,1,1
1594717320,3,3
1594760250,1,1
1594763190,1,4
1594763670,1,1
1594767450,1,4
1594768110,1,1
1594775280,4,1
1594776480,1,1
1594781340,1,3
1594781610,1,1
1594788960,4,1
1594789020,1,1
1594791180,1,4
1594791300,1,1
1594803720,3,3
1594846620,1,1
1594848720,1,4
1594848750,1,1
1594864920,4,1
1594865040,1,1
1594876830,4,4
1594877130,1,4
1594877160,1,1
1594888230,4,1
1594888500,1,1
1594890120,3,3
1594933050,1,1
1594939080,1,2
1594939140,1,1
1594942230,1,2
1594943250,1,1
1594943550,1,4
1594943580,1,1
1594960110,4,1
1594960380,1,1
1594976520,3,3
1595019420,1,1
1595020380,1,4
1595020650,1,1
1595062920,3,3
1595105850,1,1
1595122350,4,1
1595122410,1,1
1595149350,3,3
1595192130,1,1
1595218290,2,1
1595220690,1,1
1595220990,4,1
1595221080,2,1
1595221350,1,1
1595221470,2,1
1595221860,1,1
1595221890,2,1
1595222220,1,1
1595222250,2,1
1595222460,4,1
1595224890,1,1
1595235750,3,3
1595278590,1,1
1595282670,4,1
1595282970,1,1
1595311470,1,4
1595312910,4,4
1595313030,1,4
1595313900,1,1
1595322150,3,3
1595365050,1,1
1595381490,4,1
1595381790,1,1
1595384220,4,1
1595385330,1,1
1595400540,4,1
1595400600,1,1
1595408490,3,3
1595451420,1,1
1595460300,4,1
1595460360,1,1
1595460780,4,1
1595461470,1,1
1595467710,4,1
1595467770,1,1
1595493270,1,4
1595494920,3,3
1595537850,1,4
1595538570,1,1
1595576790,4,1
1595576880,1,1
1595581290,3,3
1595624220,1,1
1595641740,4,1
1595641830,1,1
1595641950,1,4
1595642220,4,4
1595642310,1,1
1595646360,1,4
1595646570,1,1
1595667720,3,3
1595710620,1,1
1595711580,2,1
1595711610,1,1
1595712330,4,1
1595714370,1,1
1595749770,1,4
1595751450,1,1
1595754090,3,3
1595797020,1,1
1595798490,1,4
1595800710,1,1
1595814150,4,1
1595814240,1,1
1595840520,3,3
1595883390,1,1
1595926950,3,3
1595969850,1,1
1596013320,3,3
1596056190,1,1
1596079950,1,4
1596080040,1,1
1596097050,2,1
1596097140,1,1
1596097440,4,1
1596097560,1,1
1596099750,3,3
1596142620,1,1
1596159810,4,1
1596159840,1,1
1596168750,4,1
1596168870,1,1
1596174180,1,4
1596174390,1,1
1596185580,4,1
1596186150,3,3
1596229020,1,1
1596246690,4,1
1596246750,1,1
1596259800,1,4
1596259920,1,1
1596262290,2,1
1596262320,1,1
1596272520,3,3
1596315420,1,1
1596321090,2,1
1596321870,1,1
1596321900,2,1
1596322110,1,1
1596322140,2,1
1596322200,1,1
1596322320,2,1
1596322530,1,1
1596322650,2,1
1596322710,1,1
1596322830,2,1
1596322920,1,1
1596323220,4,1
1596323400,1,1
1596332040,1,4
1596332220,1,1
1596345810,2,1
1596347400,1,1
1596347430,2,1
1596347490,1,1
1596347610,2,1
1596347670,1,1
1596347790,2,1
1596348180,1,1
1596358890,3,3
1596401820,1,1
1596445290,3,3
1596488220,1,1
1596512490,1,4
1596512940,1,1
1596518430,4,1
1596518460,1,1
1596524610,4,1
1596524760,1,1
1596525060,4,1
1596525210,1,1
1596527940,1,4
1596531690,3,3
1596574650,1,4
1596576600,1,1
1596588900,4,1
1596589260,1,1
1596602850,2,1
1596603030,1,1
1596603330,4,1
1596603720,1,1
1596605820,1,4
1596605940,1,1
1596606300,4,1
1596606330,1,1
1596610380,4,1
1596610770,1,1
1596618120,3,3
1596661020,1,1
1596679920,1,4
1596680130,1,1
1596683880,4,1
1596684360,1,1
1596704490,3,3
1596747420,1,1
1596764130,4,1
1596764160,1,1
1596790920,3,3
1596833850,1,1
1596847770,1,4
1596848640,1,1
1596857940,1,4
1596858060,1,1
1596875490,1,4
1596875580,1,1
1596877320,3,3
1596920220,1,1
1596952260,1,3
1596952860,1,1
1596963690,3,3
1597006620,1,1
1597010370,1,4
1597010460,1,1
1597011240,1,4
1597011570,1,1
1597013220,1,4
1597013280,1,1
1597019640,1,4
1597019700,1,1
1597039620,4,1
1597039740,1,1
1597048200,1,3
1597048830,1,1
1597050120,3,3
1597093020,1,1
1597093500,1,4
1597093620,1,1
1597106130,4,1
1597106700,1,1
1597125630,1,4
1597125840,1,1
1597136520,3,3
1597179420,1,1
1597189620,4,1
1597189800,1,1
1597210380,4,1
1597210470,1,1
1597210770,4,1
1597210860,1,1
1597211280,4,1
1597214130,1,1
1597222890,3,3
1597265850,1,1
1597281780,1,4
1597282050,1,1
1597286580,1,4
1597287360,1,1
1597290630,1,4
1597291410,1,1
1597293120,1,4
1597294410,1,1
1597309320,3,3
1597352220,1,1
1597364730,2,1
1597365300,1,1
1597365600,4,4
1597365780,2,4
1597365840,1,4
1597365990,1,1
1597372740,4,1
1597372800,1,1
1597395750,3,3
1597438620,1,1
1597445370,4,1
1597445400,1,1
1597463460,1,4
1597463490,1,1
1597465320,1,3
1597465380,1,1
1597482120,3,3
1597525020,1,1
1597526940,4,1
1597526970,1,1
1597541490,1,4
1597541670,1,1
1597557120,1,3
1597557180,1,1
1597557450,2,1
1597557660,1,1
1597557900,2,1
1597557930,1,1
1597560840,2,1
1597561500,1,1
1597561800,4,1
1597561950,1,1
1597568490,3,3
1597611390,1,1
1597629660,2,1
1597630080,1,1
1597630380,4,1
1597630650,1,1
1597634910,4,1
1597635060,1,1
1597645200,1,4
1597645680,1,1
1597652880,1,4
1597653090,1,1
1597653810,2,1
1597653900,1,1
1597654920,3,3
1597697820,1,1
1597711830,2,1
1597711860,1,1
1597712160,4,1
1597714140,1,1
1597721700,1,4
1597721730,1,1
1597727610,2,1
1597728000,1,1
1597728300,4,1
1597728450,1,1
1597741320,3,3
1597784220,1,1
1597806660,4,1
1597807080,1,1
1597827690,3,3
1597870620,1,1
1597885830,4,1
1597886040,1,1
1597900650,4,1
1597900830,1,1
1597913610,1,4
1597914150,3,3
1597957020,1,4
1597957740,1,1
1597971570,4,1
1597971630,1,1
1597986600,4,1
1597986750,1,1
1597989240,1,4
1597989300,1,1
1598000520,3,3
1598043390,1,1
1598060310,2,1
1598061390,4,1
1598063400,1,1
1598086920,3,3
1598129820,1,1
1598131350,1,4
1598131710,1,1
1598144670,1,4
1598145060,1,1
1598159130,1,4
1598160600,1,1
1598166690,2,1
1598166810,1,1
1598166990,2,1
1598167290,1,1
1598173320,3,3
1598216250,4,1
1598216280,1,1
1598236770,2,1
1598236860,1,1
1598236980,2,1
1598237850,1,1
1598237970,2,1
1598238150,1,1
1598238450,4,1
1598238750,1,1
1598259690,3,3
1598302650,1,1
1598346090,3,3
1598389020,1,1
1598393730,4,1
1598393760,1,1
1598413680,2,1
1598414880,4,1
1598421120,2,1
1598421150,1,1
1598432520,3,3
1598475420,1,4
1598475450,1,1
1598490360,4,1
1598490390,1,1
1598518920,3,3
1598561820,1,1
1598562900,4,1
1598563230,1,1
1598595390,1,4
1598599140,1,1
1598599830,1,4
1598602890,1,1
1598603190,1,4
1598604510,1,1
1598605350,3,3
1598648190,1,1
1598665260,1,4
1598665500,1,1
1598691420,1,4
1598691690,3,3
1598734620,1,4
1598736690,1,1
1598764830,2,1
1598765340,1,1
1598774970,1,4
1598778120,3,3
1598821170,1,1
1598826660,1,3
1598827440,1,1
1598838960,2,1
1598840640,4,1
1598842050,1,1
1598859150,4,1
1598859450,1,1
1598864520,3,3
1598907420,1,1
1598912400,1,4
1598912520,1,1
1598950920,3,3
1598993820,1,1
1599016950,4,1
1599017070,1,1
1599032430,4,1
1599032550,1,1
1599037290,3,3
1599080220,1,1
1599095520,4,1
1599095640,1,1
1599106890,4,1
1599107130,1,1
1599108540,1,3
1599108630,1,1
1599109800,1,3
1599109860,1,1
1599123720,3,3
1599166620,1,1
1599187230,1,3
1599187440,1,1
1599187920,1,3
1599188190,1,1
1599189900,1,3
1599190140,1,1
1599208200,1,4
1599210150,3,3
1599258690,3,4
1599258750,4,4
1599258780,1,1
1599260100,4,1
1599260130,1,1
1599273930,4,1
1599274080,1,1
1599296520,3,3
1599339420,1,1
1599353250,2,1
1599353790,1,1
1599353940,2,1
1599354000,4,1
1599357510,1,1
1599372030,2,1
1599372150,1,1
1599382920,3,3
1599425820,1,1
1599427890,1,4
1599427950,1,1
1599466110,2,1
1599466860,1,1
1599467160,4,1
1599467580,1,1
1599469320,3,3
1599512220,1,1
1599555720,3,3
1599594900,4,4
1599598140,3,3
1599598620,1,4
1599602130,1,1
1599642090,3,3
1599685020,1,1
1599688140,1,4
1599688290,1,1
1599692100,3,1
1599692700,1,1
1599698700,1,3
1599698790,1,1
1599709560,3,1
1599709980,1,1
1599718200,3,1
1599718440,1,1
1599726330,4,1
1599726390,1,1
1599728520,3,3
1599771420,1,1
1599784980,3,1
1599785340,1,1
1599787980,3,1
1599788220,1,1
1599794100,1,3
1599794190,1,1
1599794520,3,1
1599794640,3,3
1599794880,1,3
1599795090,1,1
1599797340,1,3
1599797430,1,1
1599801180,3,1
1599801540,1,1
1599802620,3,1
1599802980,1,1
1599814920,3,3
1599857790,1,1
1599858750,1,4
1599858930,1,1
1599872160,2,1
1599872550,1,1
1599872820,2,1
1599873810,4,1
1599879270,1,1
1599901350,3,3
1599944250,1,1
1599948990,1,4
1599949110,1,1
1599959670,2,1
1599959760,1,1
1599960750,4,1
1599960810,1,1
1599978060,1,2
1599978090,1,1
1599978540,1,2
1599978600,1,1
1599987720,3,3
1600030620,1,1
1600051530,2,1
1600052250,1,1
1600052310,2,1
1600052520,1,1
1600074120,3,3
1600116990,1,1
1600119510,4,1
1600119630,1,1
1600145340,3,1
1600145400,1,1
1600145520,2,1
1600145550,1,1
1600147320,1,4
1600147530,1,1
1600160520,3,3
1600203450,1,1
1600242000,1,4
1600242120,1,1
1600246950,3,3
1600289790,1,1
1600333320,3,3
1600376220,1,1
1600391490,4,1
1600391520,1,1
1600419720,3,3
1600422970,3,3
1600462650,1,1
1600466070,2,1
1600466160,1,1
1600467180,1,4
1600467480,1,1
1600473300,1,4
1600475340,1,1
1600479060,2,1
1600479090,1,1
1600502370,2,1
1600506090,3,3
1600549020,1,1
1600571460,1,4
1600571490,1,1
1600588470,1,4
1600589970,1,1
1600592520,3,3
1600635420,1,1
1600661940,4,1
1600662030,1,1
1600662810,4,1
1600665210,1,1
1600672950,1,2
1600673100,1,1
1600678920,3,3
1600721820,1,1
1600741800,4,1
1600742040,1,1
1600765290,3,3
1600808190,1,1
1600825470,2,1
1600827000,1,1
1600827030,2,1
1600827300,4,1
1600828860,1,1
1600851690,3,3
1600894590,1,1
1600902900,2,1
1600903140,1,1
1600903260,2,1
1600904850,4,1
1600908060,1,1
1600908360,4,1
1600908480,1,1
1600918890,2,1
1600920240,1,1
1600920360,2,1
1600921230,4,1
1600928040,1,1
1600938120,3,3
1600981020,1,1
1601000520,2,1
1601002110,4,1
1601003460,1,1
1601024520,3,3
1601041680,3,3
1601067390,1,1
1601083830,1,4
1601085480,1,1
1601089920,2,1
1601089950,1,1
1601089980,2,1
1601090040,1,1
1601090820,2,1
1601090940,1,1
1601110950,3,3
1601153790,1,1
1601164140,2,1
1601164350,4,1
1601164590,4,4
1601164890,4,1
1601165430,4,4
1601165460,4,1
1601166090,1,1
1601191380,2,1
1601191500,1,1
1601192610,2,1
1601193000,1,1
1601197320,3,3
1601240220,1,1
1601258760,4,1
1601258820,1,1
1601272020,4,1
1601272050,1,1
1601283750,3,3
1601326650,1,1
1601350110,2,1
1601350170,1,1
1601354700,4,1
1601354850,1,1
1601355000,4,1
1601355450,1,1
1601362080,1,2
1601362110,1,1
1601362410,1,4
1601362680,1,1
1601364930,1,4
1601365170,1,1
1601370150,3,3
1601412990,1,1
1601417550,2,1
1601417580,1,1
1601417880,4,1
1601427900,1,1
1601438040,1,4
1601438760,1,1
1601449380,4,1
1601449470,1,1
1601456490,3,3
1601499420,4,1
1601499660,1,1
1601520060,4,1
1601520150,1,1
1601542920,3,3
1601585820,1,1
1601586990,1,4
1601587140,1,1
1601590200,4,1
1601590260,1,1
1601607810,4,1
1601608080,1,1
1601613800,1,1
1601615889,1,1
1601616007,1,1
1601616015,1,1
1601629320,3,3
1601672220,1,1
1601715720,3,3
1601755200,4,4
1601756340,1,4
1601756970,1,1
1601760540,2,1
1601760660,1,1
1601802120,3,3
1601841600,4,4
1601842440,1,4
1601842470,1,1
1601851590,4,1
1601851950,1,1
1601872680,1,4
1601872710,4,4
1601872770,4,1
1601873160,1,4
1601873220,1,1
1601884920,3,3
1601927790,1,1
1601946840,2,1
1601946900,1,1
1601971290,3,3
1602014220,1,1
1602017250,4,1
1602019320,1,1
1602024840,1,4
1602025230,1,1
1602035970,2,1
1602037110,1,1
1602037260,2,1
1602037440,4,1
1602038190,1,1
1602038490,4,1
1602038940,1,1
1602043740,1,4
1602045210,1,1
1602057720,3,3
1602100650,1,1
1602101160,1,4
1602101220,1,1
1602115110,2,1
1602117000,1,1
1602117300,4,1
1602119490,1,1
1602135600,4,1
1602135840,1,1
1602144150,3,3
1602186990,1,1
1602193050,4,1
1602193230,1,1
1602230520,3,3
1602273420,1,1
1602278280,2,1
1602278520,1,1
1602278820,4,1
1602279420,1,1
1602279720,4,1
1602279990,1,1
1602286620,1,4
1602286770,1,1
1602316920,3,3
1602359820,1,1
1602403290,3,3
1602446220,4,1
1602446310,1,1
1602461520,2,1
1602461760,4,1
1602466680,1,1
1602470580,1,4
1602470730,1,1
1602486390,1,4
1602487020,1,1
1602489690,3,3
1602532620,1,1
1602533940,2,1
1602534060,1,1
1602540510,2,1
1602540720,4,1
1602543240,1,1
1602557670,4,1
1602557700,1,1
1602576120,3,3
1602619020,1,1
1602619290,4,1
1602619380,1,1
1602643110,4,1
1602643170,1,1
1602649530,1,4
1602649590,1,1
1602662490,3,3
1602705420,1,1
1602712560,2,1
1602712680,1,1
1602713910,2,1
1602714000,1,1
1602732060,2,1
1602732120,1,1
1602732150,2,1
1602732270,4,1
1602733020,1,1
1602733320,4,1
1602733770,1,1
1602748920,3,3
1602791820,1,1
1602794820,1,4
1602795120,1,1
1602816150,4,1
1602816270,1,1
1602835320,3,3
1602878220,1,1
1602885510,2,1
1602885630,4,1
1602886020,1,1
1602898920,1,4
1602900540,1,1
1602907890,1,4
1602908910,1,1
1602910020,1,4
1602910170,1,1
1602921720,3,3
1602964620,1,1
1602973710,2,1
1602974370,1,1
1603008120,3,3
1603051020,1,1
1603053180,1,4
1603053270,1,1
1603089060,1,4
1603089090,1,1
1603094520,3,3
1603137390,1,1
1603150410,1,4
1603150800,1,1
1603158510,4,1
1603158570,1,1
1603180920,3,3
1603223820,1,1
1603248660,1,4
1603248750,1,1
1603252980,1,4
1603253010,4,4
1603253040,4,1
1603253070,1,1
1603255560,2,1
1603257570,4,1
1603260570,1,1
1603267320,3,3
1603310220,1,1
1603316220,2,1
1603317660,1,1
1603317960,4,1
1603318110,2,1
1603318770,4,1
1603320210,1,1
1603334010,2,1
1603334550,1,1
1603338300,4,1
1603338390,1,1
1603340340,2,1
1603340910,4,1
1603344300,1,1
1603353750,3,3
1603396590,1,1
1603420620,4,1
1603421040,1,1
1603435980,4,1
1603436280,1,1
1603440120,3,3
1603483020,1,1
1603516860,1,4
1603520370,1,1
1603526520,3,3
